{
    "loss": 5.855350971221924,
    "accuracy": 0.686274528503418
}