{
    "loss": 0.24091964960098267,
    "accuracy": 0.9411764740943909
}