{
    "loss": 10.686006546020508,
    "accuracy": 0.4313725531101227
}